timeframe,n_obs,lag_k,market_y,pearson_r,pearson_p,coint_t,coint_p,coint_crit_1pct,coint_crit_5pct,coint_crit_10pct,adf_resid_stat,adf_resid_p,adf_resid_crit_1pct,adf_resid_crit_5pct,adf_resid_crit_10pct,ols_alpha,ols_beta,n_used,sample_start,sample_end,is_cointegrated_coint_p_5pct,is_cointegrated_adf_p_5pct,evidence_any_5pct
1m,1000,3,KRW-ETH,0.6855803289385367,9.354957787466415e-140,-1.615801839160631,0.714174278713539,-3.907436457017578,-3.3422530528827123,-3.048698170893616,-2.5203087786710467,0.11061084754648692,-3.4369860032923145,-2.8644697838498376,-2.5683299626694422,-36102.447321251035,0.041344532637542786,988,2025-08-26 12:58:00,2025-08-27 05:37:00,False,False,False
1m,1000,5,KRW-ETH,0.6752284690414342,4.598807723476688e-134,-1.9414472430889869,0.5588476904333691,-3.907436457017578,-3.3422530528827123,-3.048698170893616,-2.6184804449864663,0.08923757108694047,-3.4369927443074353,-2.864472756705845,-2.568331546097238,60872.548246487975,0.040721312419717215,987,2025-08-26 12:56:00,2025-08-27 05:35:00,False,False,False
1m,1000,10,KRW-ETH,0.6513036842015905,9.220934824598454e-122,-1.7025928130283456,0.675719334740855,-3.907436457017578,-3.3422530528827123,-3.048698170893616,-2.310665147379556,0.1685513177978561,-3.437054035425408,-2.8644997864059363,-2.5683459429326576,287005.523076728,0.03926802994357037,978,2025-08-26 12:51:00,2025-08-27 05:30:00,False,False,False
1m,1000,3,KRW-XRP,0.6337743871952757,1.9640150950096152e-113,-2.102594521897431,0.475010985393398,-3.907436457017578,-3.3422530528827123,-3.048698170893616,-2.3160331966960555,0.1668490754617259,-3.4369391965679257,-2.86444914142694,-2.5683189679553546,-1822.5725515115191,3.8600121300337304e-05,995,2025-08-26 12:58:00,2025-08-27 05:37:00,False,False,False
1m,1000,5,KRW-XRP,0.6243630764319912,3.518781220257073e-109,-2.0893042998866305,0.4819592237548845,-3.907436457017578,-3.3422530528827123,-3.048698170893616,-2.4272977755959353,0.13417955838408485,-3.4369927443074353,-2.864472756705845,-2.568331546097238,-1733.5346405390737,3.802791199288745e-05,987,2025-08-26 12:56:00,2025-08-27 05:35:00,False,False,False
1m,1000,10,KRW-XRP,0.6029494679759682,5.014982783567098e-100,-1.8910939247157945,0.5845170469229701,-3.907436457017578,-3.3422530528827123,-3.048698170893616,-2.375315924439084,0.14882483808393954,-3.4369927443074353,-2.864472756705845,-2.568331546097238,-1529.0736178277148,3.671391866450391e-05,987,2025-08-26 12:51:00,2025-08-27 05:30:00,False,False,False
1m,1000,3,KRW-CRO,0.0747904413803786,0.018008812400655157,-1.5075995383995124,0.7582664480167074,-3.907436457017578,-3.3422530528827123,-3.048698170893616,-1.7001547988761387,0.4310327215954662,-3.4369193380671,-2.864440383452517,-2.56831430323573,145.89632530882682,9.102464792988882e-07,998,2025-08-26 12:58:00,2025-08-27 05:37:00,False,False,False
1m,1000,5,KRW-CRO,0.06812288963720617,0.03123677959795976,-1.4226728035636742,0.7896360141235574,-3.907436457017578,-3.3422530528827123,-3.048698170893616,-1.691114893985314,0.43569606718749443,-3.4369193380671,-2.864440383452517,-2.56831430323573,158.51730326659526,8.291197417672303e-07,998,2025-08-26 12:56:00,2025-08-27 05:35:00,False,False,False
1m,1000,10,KRW-CRO,0.050812823765174056,0.1083024104100403,-1.4745331004252606,0.7708274412259595,-3.907436457017578,-3.3422530528827123,-3.048698170893616,-1.6968422525408149,0.43274017339707305,-3.4369193380671,-2.864440383452517,-2.56831430323573,191.31804219749756,6.182755628188062e-07,998,2025-08-26 12:51:00,2025-08-27 05:30:00,False,False,False
1m,1000,3,KRW-SOL,0.46090815664504037,9.629591372933866e-54,-1.5404517000320865,0.7453560640929414,-3.907436457017578,-3.3422530528827123,-3.048698170893616,-0.5728038564972873,0.8770095936434761,-3.4369391965679257,-2.86444914142694,-2.5683189679553546,-231273.98442337196,0.0032487959239738268,995,2025-08-26 12:58:00,2025-08-27 05:37:00,False,False,False
1m,1000,5,KRW-SOL,0.4539799031139111,5.337291350901492e-52,-1.3365201406995342,0.8184435864553004,-3.907436457017578,-3.3422530528827123,-3.048698170893616,-0.4787404612200138,0.89609881058725,-3.43706091543889,-2.8645028204932483,-2.568347558984588,-223688.02407825366,0.003200043989940067,977,2025-08-26 12:56:00,2025-08-27 05:35:00,False,False,False
1m,1000,10,KRW-SOL,0.43794604562136,4.0908432206983274e-48,-1.320086172246473,0.8235924326092848,-3.907436457017578,-3.3422530528827123,-3.048698170893616,-0.4719496646095629,0.8973750763764059,-3.437054035425408,-2.8644997864059363,-2.5683459429326576,-205974.17553621717,0.0030862029835300175,978,2025-08-26 12:51:00,2025-08-27 05:30:00,False,False,False
1m,1000,3,KRW-BERA,0.5019534485080281,6.160288261160838e-65,-2.0531106862415944,0.5008836656767363,-3.907436457017578,-3.3422530528827123,-3.048698170893616,-2.7478639914264313,0.0661155572624837,-3.4369127451400474,-2.864437475834273,-2.568312754566378,-7690.675333262829,7.301329221623008e-05,999,2025-08-26 12:58:00,2025-08-27 05:37:00,False,False,False
1m,1000,5,KRW-BERA,0.5050815703827993,7.453905261674233e-66,-1.8793382685784257,0.5904483224973389,-3.907436457017578,-3.3422530528827123,-3.048698170893616,-2.743724932712582,0.06677271417067078,-3.4369127451400474,-2.864437475834273,-2.568312754566378,-7761.713569240921,7.347021220320451e-05,999,2025-08-26 12:56:00,2025-08-27 05:35:00,False,False,False
1m,1000,10,KRW-BERA,0.5135194625427243,2.2397080797518366e-68,-2.345723767420662,0.3509726000953677,-3.907436457017578,-3.3422530528827123,-3.048698170893616,-2.8544505517040477,0.050906964411967154,-3.4369127451400474,-2.864437475834273,-2.568312754566378,-7949.462056375232,7.467775218338577e-05,999,2025-08-26 12:51:00,2025-08-27 05:30:00,False,False,False
1m,1000,3,KRW-DOGE,0.6029445291161886,5.038495961444658e-100,-1.684381942995171,0.6839996587588895,-3.907436457017578,-3.3422530528827123,-3.048698170893616,-1.2956427836429578,0.6311633802870141,-3.4369658620871286,-2.8644609013346485,-2.56832523159495,-129.65481795908545,2.789697715066254e-06,991,2025-08-26 12:56:00,2025-08-27 05:37:00,False,False,False
1m,1000,5,KRW-DOGE,0.5942961675443618,1.6060142700709602e-96,-1.8301574510782816,0.6149612339004901,-3.907436457017578,-3.3422530528827123,-3.048698170893616,-1.2931831672700391,0.6322852235769864,-3.4369994990319355,-2.8644757356011743,-2.5683331327427803,-123.31995794268641,2.748996288052337e-06,986,2025-08-26 12:54:00,2025-08-27 05:35:00,False,False,False
1m,998,10,KRW-DOGE,0.5691756303380195,9.386768027761366e-87,-1.5496519828205844,0.7416646837420895,-3.9074585836345546,-3.3422653495793297,-3.048706698279392,-1.328847343850042,0.6158734831353202,-3.4370198458812156,-2.864484708707697,-2.568337912084273,-104.49409037451005,2.628047060717725e-06,983,2025-08-26 12:51:00,2025-08-27 05:30:00,False,False,False
1m,1000,3,KRW-QTUM,-0.257631177024082,1.2638525293081953e-16,-1.7400326991993935,0.6583666905153832,-3.907436457017578,-3.3422530528827123,-3.048698170893616,-1.9015032173959443,0.33135428059354366,-3.4370062675076807,-2.8644787205542492,-2.568334722615888,10162.628355068126,-3.865290328082814e-05,985,2025-08-26 12:56:00,2025-08-27 05:37:00,False,False,False
1m,1000,5,KRW-QTUM,-0.25613864761004357,1.9145567460698412e-16,-1.5690156457556435,0.7337887141942738,-3.907436457017578,-3.3422530528827123,-3.048698170893616,-1.7436347061120394,0.40878226843935667,-3.436979275944879,-2.8644668170148058,-2.5683283824496153,10126.284104173588,-3.841955153563979e-05,989,2025-08-26 12:54:00,2025-08-27 05:35:00,False,False,False
1m,998,10,KRW-QTUM,-0.250784771580334,8.874704214081565e-16,-1.636452857199238,0.7052611744843694,-3.9074585836345546,-3.3422653495793297,-3.048706698279392,-1.7219731815629613,0.41982826785141575,-3.4369927443074353,-2.864472756705845,-2.568331546097238,10001.616748385699,-3.761833803546226e-05,987,2025-08-26 12:51:00,2025-08-27 05:30:00,False,False,False
1m,989,3,KRW-CBK,-0.29673314210001256,1.4908761106410933e-21,-1.716759023613945,0.669204580312907,-3.9075592653952698,-3.3423213014883046,-3.048745499024734,-1.6673934500167815,0.44798577486509183,-3.4369927443074353,-2.864472756705845,-2.568331546097238,2221.982248417633,-8.931545299192099e-06,987,2025-08-26 12:51:00,2025-08-27 05:36:00,False,False,False
1m,987,5,KRW-CBK,-0.3027999100369716,2.2413751752987904e-22,-1.7054238498536998,0.6744224749206063,-3.907581889495534,-3.3423338741159188,-3.048754217668042,-1.0599580089049483,0.7307733063737799,-3.437123476942836,-2.8645304098119544,-2.568362253987091,2246.747892583062,-9.09118792534236e-06,968,2025-08-26 12:51:00,2025-08-27 05:34:00,False,False,False
1m,982,10,KRW-CBK,-0.31978809562143135,8.715407455423163e-25,-1.6697117476011931,0.6905906216797694,-3.9076388545878316,-3.3423655302220268,-3.0487761699092126,-1.440790949843905,0.5625718459713269,-3.4370471695043037,-2.8644967585264784,-2.5683443301882956,2318.8038251727976,-9.555314924706334e-06,979,2025-08-26 12:51:00,2025-08-27 05:29:00,False,False,False
1m,598,3,KRW-CKB,0.3370714394552135,2.3554842147495876e-17,-1.9747298244568774,0.5416862537867848,-3.914878960015039,-3.346383817103384,-3.0515618192862695,-1.4465989517667897,0.559743544026824,-3.4413510722333087,-2.8663934413235266,-2.5693547658168003,-44.31898815874037,3.3187595147517977e-07,597,2025-08-26 12:51:00,2025-08-27 05:37:00,False,False,False
1m,596,5,KRW-CKB,0.34519124010876623,4.040476076114617e-18,-1.985397718924373,0.5361597263946135,-3.914941256973378,-3.3464183482804883,-3.05158575030012,-1.4605107471787353,0.5529478919652752,-3.441388211993052,-2.8664097967491498,-2.569363480686392,-45.40132676530667,3.388397933451175e-07,595,2025-08-26 12:51:00,2025-08-27 05:35:00,False,False,False
1m,591,10,KRW-CKB,0.3645032543169072,5.2145209148298275e-20,-1.971630005822202,0.543289972752719,-3.915098856650388,-3.346505702384372,-3.051646288422867,-1.4677866786788438,0.5493823941926929,-3.4414821678603946,-2.8664511716874657,-2.5693855271473716,-47.948954216998814,3.5523207755679266e-07,590,2025-08-26 12:51:00,2025-08-27 05:30:00,False,False,False
1h,500,3,KRW-ETH,0.027925641486917847,0.5332878441423619,-1.0763449368347415,0.8873848224600924,-3.91852234143638,-3.348402090875137,-3.052960322448504,-2.303914520926658,0.1707085687150524,-3.4435228622952065,-2.867349510566146,-2.569864247011056,5455150.237617463,0.0037366436886332455,499,2025-08-06 07:00:00,2025-08-27 02:00:00,False,False,False
1h,500,5,KRW-ETH,0.029874002482402275,0.5051044480610158,-1.185076561842661,0.8617654327182751,-3.91852234143638,-3.348402090875137,-3.052960322448504,-2.3040778127797235,0.1706561685474579,-3.4435228622952065,-2.867349510566146,-2.569864247011056,5409083.216368556,0.0040221548185821465,499,2025-08-06 05:00:00,2025-08-27 00:00:00,False,False,False
1h,500,10,KRW-ETH,0.03738367272803231,0.4042112736426848,-0.8333003937340885,0.9301848654518612,-3.91852234143638,-3.348402090875137,-3.052960322448504,-2.288542321338709,0.1756899330075336,-3.4435228622952065,-2.867349510566146,-2.569864247011056,5236519.607660979,0.0050921382540251026,499,2025-08-06 00:00:00,2025-08-26 19:00:00,False,False,False
1h,500,3,KRW-XRP,0.6196723620527571,2.3240323370873526e-54,-1.2412506452690737,0.846765710706466,-3.91852234143638,-3.348402090875137,-3.052960322448504,-2.101029469873276,0.24410084803961363,-3.4436840273842058,-2.8674204319994674,-2.5699020441557052,-1048.861841952501,3.3029423957780624e-05,493,2025-08-06 07:00:00,2025-08-27 02:00:00,False,False,False
1h,500,5,KRW-XRP,0.5981596949531687,7.682248497670008e-50,-1.136362632304684,0.8737866321008898,-3.91852234143638,-3.348402090875137,-3.052960322448504,-2.241806317864271,0.19142341666203866,-3.4436840273842058,-2.8674204319994674,-2.5699020441557052,-896.5004169653985,3.208062793724325e-05,493,2025-08-06 05:00:00,2025-08-27 00:00:00,False,False,False
1h,500,10,KRW-XRP,0.54727214335849,2.0819622785844385e-40,-1.126886654477555,0.8760212456892718,-3.91852234143638,-3.348402090875137,-3.052960322448504,-2.072009440654264,0.25591764373296844,-3.4437936797256317,-2.867468682890213,-2.5699277594606915,-512.9172237550229,2.9694902726434e-05,489,2025-08-06 00:00:00,2025-08-26 19:00:00,False,False,False
1h,500,3,KRW-CRO,-0.06985830588907263,0.11874194389475293,-1.3318108155070034,0.8199303500666656,-3.91852234143638,-3.348402090875137,-3.052960322448504,0.5702436141402389,0.9868587527220626,-3.4439899743408136,-2.8675550551408353,-2.569973792117904,281.8102420708824,-4.07860755816173e-07,482,2025-08-06 07:00:00,2025-08-27 02:00:00,False,False,False
1h,500,5,KRW-CRO,-0.08162102753728624,0.06821600944031214,-1.451205823206358,0.7794233514776845,-3.91852234143638,-3.348402090875137,-3.052960322448504,0.4954449634301968,0.9847339901037641,-3.4439899743408136,-2.8675550551408353,-2.569973792117904,293.359680778075,-4.794935499149129e-07,482,2025-08-06 05:00:00,2025-08-27 00:00:00,False,False,False
1h,500,10,KRW-CRO,-0.12357216630280116,0.005660018175976231,-1.4987906806711768,0.7616555052051945,-3.91852234143638,-3.348402090875137,-3.052960322448504,0.2680137615837822,0.9758284337578185,-3.4439899743408136,-2.8675550551408353,-2.569973792117904,334.46232479229,-7.344364484102123e-07,482,2025-08-06 00:00:00,2025-08-26 19:00:00,False,False,False
1h,500,3,KRW-SOL,-0.0746658823829115,0.09536939621795977,-0.9834456758182128,0.9059421670139681,-3.91852234143638,-3.348402090875137,-3.052960322448504,-2.03307825970829,0.2722603557192115,-3.4435228622952065,-2.867349510566146,-2.569864247011056,319027.0535078002,-0.00036743487218835955,499,2025-08-06 07:00:00,2025-08-27 02:00:00,False,False,False
1h,500,5,KRW-SOL,-0.07307115396525682,0.10267665832267404,-1.314229239234984,0.8254007325170166,-3.91852234143638,-3.348402090875137,-3.052960322448504,-2.028633503891637,0.2741611128387553,-3.4435228622952065,-2.867349510566146,-2.569864247011056,318127.92906581983,-0.0003618186734759242,499,2025-08-06 05:00:00,2025-08-27 00:00:00,False,False,False
1h,500,10,KRW-SOL,-0.07219866416217756,0.10685852823235353,-1.174744917005335,0.8643904764763753,-3.91852234143638,-3.348402090875137,-3.052960322448504,-2.0341260082480868,0.27181332481469944,-3.4435228622952065,-2.867349510566146,-2.569864247011056,318116.31229778007,-0.0003616821063755389,499,2025-08-06 00:00:00,2025-08-26 19:00:00,False,False,False
1h,500,3,KRW-BERA,-0.44629194697818325,7.598510059288414e-26,-2.336357712311529,0.35555780489836974,-3.91852234143638,-3.348402090875137,-3.052960322448504,-2.578104351228394,0.09760761891686964,-3.4436029548776395,-2.867384756137026,-2.5698830308597813,10458.942481990307,-4.590802637288526e-05,496,2025-08-06 07:00:00,2025-08-27 02:00:00,False,False,False
1h,500,5,KRW-BERA,-0.44178986438703016,2.652176883617476e-25,-2.4621492154759945,0.29601253045572207,-3.91852234143638,-3.348402090875137,-3.052960322448504,-2.5122226317629344,0.1125286792064294,-3.4436568932270095,-2.8674084917497074,-2.5698956806372832,10430.49607605947,-4.572694228245194e-05,494,2025-08-06 05:00:00,2025-08-27 00:00:00,False,False,False
1h,500,10,KRW-BERA,-0.41207689763131444,6.449422458327351e-22,-1.9842733752985324,0.5367427138454719,-3.91852234143638,-3.348402090875137,-3.052960322448504,-2.652757340581267,0.08257609341577682,-3.4437936797256317,-2.867468682890213,-2.5699277594606915,10016.594418843015,-4.315066873778785e-05,489,2025-08-06 00:00:00,2025-08-26 19:00:00,False,False,False
1h,500,3,KRW-DOGE,0.4974810738764671,1.2754285344427435e-32,-1.087526795407053,0.884950189594031,-3.91852234143638,-3.348402090875137,-3.052960322448504,-3.180080308742094,0.0211670523379861,-3.4437112724287253,-2.8674324209387345,-2.569908433637385,-32.8509749451614,2.1508560069598593e-06,492,2025-08-06 07:00:00,2025-08-27 02:00:00,False,True,True
1h,500,5,KRW-DOGE,0.47783489691920145,6.949417290338185e-30,-1.184873805593575,0.8618173438443302,-3.91852234143638,-3.348402090875137,-3.052960322448504,-3.1930775779540386,0.02038888913603123,-3.4437112724287253,-2.8674324209387345,-2.569908433637385,-21.264018853131347,2.0787366764964457e-06,492,2025-08-06 05:00:00,2025-08-27 00:00:00,False,True,True
1h,500,10,KRW-DOGE,0.4305674489529881,5.5212330655485534e-24,-1.0060638615458142,0.901691114902257,-3.91852234143638,-3.348402090875137,-3.052960322448504,-3.189805890791276,0.02058238926291867,-3.4437936797256317,-2.867468682890213,-2.5699277594606915,8.284375850460492,1.8950281203082412e-06,489,2025-08-06 00:00:00,2025-08-26 19:00:00,False,True,True
1h,500,3,KRW-QTUM,-0.5998371638828044,3.510450392808818e-50,-2.306299818054614,0.3704134760867782,-3.91852234143638,-3.348402090875137,-3.052960322448504,-1.8667834247984594,0.3478448873949191,-3.4439333076538854,-2.8675301216074414,-2.56996050355167,17951.163752280154,-9.157771977457731e-05,484,2025-08-06 07:00:00,2025-08-27 02:00:00,False,False,False
1h,500,5,KRW-QTUM,-0.5933729409852393,7.000196007423041e-49,-2.380819700387375,0.3339922132303822,-3.91852234143638,-3.348402090875137,-3.052960322448504,-1.9826033453681116,0.2942526300234797,-3.4440184853599876,-2.867567599912013,-2.5699804779975883,17884.189874692347,-9.115301438454538e-05,481,2025-08-06 05:00:00,2025-08-27 00:00:00,False,False,False
1h,500,10,KRW-QTUM,-0.5765023873820656,1.26599712170161e-45,-2.5062531415127953,0.27631818374018496,-3.91852234143638,-3.348402090875137,-3.052960322448504,-2.310109031296166,0.16872833350074168,-3.4435228622952065,-2.867349510566146,-2.569864247011056,17636.153177402055,-8.959778172484313e-05,499,2025-08-06 00:00:00,2025-08-26 19:00:00,False,False,False
1h,500,3,KRW-CBK,0.24509071926408854,2.8311192849546682e-08,-1.759315858801258,0.6492650311524228,-3.91852234143638,-3.348402090875137,-3.052960322448504,-3.0948169127479415,0.026939145529052085,-3.443849184997939,-2.8674931065091105,-2.569940776113236,465.82969530499577,2.2301339423218443e-06,487,2025-08-06 06:00:00,2025-08-27 02:00:00,False,True,True
1h,500,5,KRW-CBK,0.2317217484799267,1.6059948818069742e-07,-1.9630064114533154,0.5477460140192779,-3.91852234143638,-3.348402090875137,-3.052960322448504,-3.080494490323191,0.02803076487423502,-3.443849184997939,-2.8674931065091105,-2.569940776113236,483.4387574572611,2.1206613345252286e-06,487,2025-08-06 04:00:00,2025-08-27 00:00:00,False,True,True
1h,499,10,KRW-CBK,0.23206165322859254,1.5832973992677514e-07,-1.6804214384397647,0.6857860896007969,-3.9185669544039614,-3.3484267887614716,-3.052977433428493,-3.0604162479302635,0.029624657381048115,-3.4438771098680196,-2.867505393939065,-2.569947324764179,478.74592197790116,2.149512009287557e-06,486,2025-08-06 00:00:00,2025-08-26 19:00:00,False,True,True
1h,500,3,KRW-CKB,0.562230679380681,5.1756409142485476e-43,-0.6664212279850535,0.9501415575081839,-3.91852234143638,-3.348402090875137,-3.052960322448504,-1.4343477471896613,0.5657031593892763,-3.4436568932270095,-2.8674084917497074,-2.5698956806372832,-7.060978246102252,8.912439816525529e-08,494,2025-08-06 07:00:00,2025-08-27 02:00:00,False,False,False
1h,500,5,KRW-CKB,0.5343638790827735,2.9033912307271755e-38,-0.646627449249961,0.9520971864055656,-3.91852234143638,-3.348402090875137,-3.052960322448504,-1.5450726705975149,0.5111085131739371,-3.4436568932270095,-2.8674084917497074,-2.5698956806372832,-6.435285681269491,8.52326527090153e-08,494,2025-08-06 05:00:00,2025-08-27 00:00:00,False,False,False
1h,500,10,KRW-CKB,0.45326757235091425,1.0554547237420574e-26,-0.8024429704447461,0.9343819974201996,-3.91852234143638,-3.348402090875137,-3.052960322448504,-1.7227588327322536,0.41942622863376966,-3.443849184997939,-2.8674931065091105,-2.569940776113236,-4.489356736516868,7.314361339257352e-08,487,2025-08-06 00:00:00,2025-08-26 19:00:00,False,False,False
1d,100,3,KRW-ETH,0.864911489711872,4.259434693580266e-31,-2.992026059478525,0.11211307882834354,-4.010486025915723,-3.398544335271911,-3.087567926742169,-2.387608012582243,0.14526454506915287,-3.498198082189098,-2.891208211860468,-2.5825959973472097,-15637239.147376686,0.1303983310704681,99,2025-05-17 00:00:00,2025-08-24 00:00:00,False,False,False
1d,100,5,KRW-ETH,0.8775907215905928,4.677228111737689e-33,-3.308057737117973,0.05363795363146163,-4.010486025915723,-3.398544335271911,-3.087567926742169,-0.6707879703600116,0.8541717263197206,-3.506944401824286,-2.894989819214876,-2.584614550619835,-15776116.179284886,0.13151294052641693,88,2025-05-15 00:00:00,2025-08-22 00:00:00,False,False,False
1d,100,10,KRW-ETH,0.8852396197449418,2.397372843168998e-34,-3.1313749486396802,0.08217337302407085,-4.010486025915723,-3.398544335271911,-3.087567926742169,-2.719387111082287,0.07074311476911216,-3.498198082189098,-2.891208211860468,-2.5825959973472097,-15643868.348053211,0.1312484329558587,99,2025-05-10 00:00:00,2025-08-17 00:00:00,False,False,False
1d,100,3,KRW-XRP,0.9198705738512796,1.2789146710227006e-41,-4.754802019838418,0.0004530057816443781,-4.010486025915723,-3.398544335271911,-3.087567926742169,-4.505146061776256,0.00019247234427157705,-3.498198082189098,-2.891208211860468,-2.5825959973472097,-8746.46375731207,8.058430300312669e-05,99,2025-05-17 00:00:00,2025-08-24 00:00:00,True,True,True
1d,100,5,KRW-XRP,0.8960711268531709,2.4365115034675594e-36,-3.9285924940265007,0.009054105439464857,-4.010486025915723,-3.398544335271911,-3.087567926742169,-3.717792761852974,0.003869730912138978,-3.498198082189098,-2.891208211860468,-2.5825959973472097,-8333.513721403484,7.802653302524004e-05,99,2025-05-15 00:00:00,2025-08-22 00:00:00,True,True,True
1d,100,10,KRW-XRP,0.7731876966761827,4.2727120883225074e-21,-2.4893845215191193,0.28377074172176964,-4.010486025915723,-3.398544335271911,-3.087567926742169,-2.350382164830816,0.15623291786379584,-3.498198082189098,-2.891208211860468,-2.5825959973472097,-6533.142830314996,6.661032914862162e-05,99,2025-05-10 00:00:00,2025-08-17 00:00:00,False,False,False
1d,100,3,KRW-CRO,0.7920088471832292,1.0041776895644732e-22,-1.8157780989141035,0.6220269103993772,-4.010486025915723,-3.398544335271911,-3.087567926742169,-0.5128952392942637,0.8894754166071865,-3.4989097606014496,-2.891516256916761,-2.5827604414827157,-547.3049117228951,4.592397397058624e-06,98,2025-05-17 00:00:00,2025-08-24 00:00:00,False,False,False
1d,100,5,KRW-CRO,0.8152409225326918,5.536443527772814e-25,-2.718283676000214,0.19307178838720102,-4.010486025915723,-3.398544335271911,-3.087567926742169,-1.652933553131482,0.4555109422319535,-3.5003788874873405,-2.8921519665075235,-2.5830997960069446,-562.4862018982212,4.698632731592203e-06,96,2025-05-15 00:00:00,2025-08-22 00:00:00,False,False,False
1d,100,10,KRW-CRO,0.8731533286419122,2.3963655473146402e-32,-3.3272708997158884,0.05109497370745965,-4.010486025915723,-3.398544335271911,-3.087567926742169,-2.5329171723740176,0.10766923526394917,-3.4989097606014496,-2.891516256916761,-2.5827604414827157,-602.0675722524873,4.978893772287527e-06,98,2025-05-10 00:00:00,2025-08-17 00:00:00,False,False,False
1d,100,3,KRW-SOL,0.7862146587951137,3.3166636472596914e-22,-2.318651725081589,0.36428359402912075,-4.010486025915723,-3.398544335271911,-3.087567926742169,-1.7866324678192893,0.38711820638180783,-3.5003788874873405,-2.8921519665075235,-2.5830997960069446,-188212.63785610785,0.0027258923694489655,96,2025-05-17 00:00:00,2025-08-24 00:00:00,False,False,False
1d,100,5,KRW-SOL,0.7851774113665433,4.0916151751235376e-22,-2.6561710944061443,0.21573650406858486,-4.010486025915723,-3.398544335271911,-3.087567926742169,-2.475669763977172,0.12150691209141673,-3.5019123847798657,-2.892815255482889,-2.583453861475781,-184464.4479600231,0.0027058982563878137,94,2025-05-15 00:00:00,2025-08-22 00:00:00,False,False,False
1d,100,10,KRW-SOL,0.7382184722067595,1.8949760562079755e-18,-2.953556288027065,0.12166203408993748,-4.010486025915723,-3.398544335271911,-3.087567926742169,-2.7728973948891853,0.062250685456815676,-3.498198082189098,-2.891208211860468,-2.5825959973472097,-153688.9817132972,0.0025170126170274455,99,2025-05-10 00:00:00,2025-08-17 00:00:00,False,False,False
1d,100,3,KRW-BERA,0.13033059154515308,0.19620465311051502,-1.7279724819666855,0.6640033577129125,-4.010486025915723,-3.398544335271911,-3.087567926742169,-2.095735662315458,0.24623276692006218,-3.502704609582561,-2.8931578098779522,-2.583636712914788,1467.518873140901,9.976894954947321e-06,93,2025-05-17 00:00:00,2025-08-24 00:00:00,False,False,False
1d,100,5,KRW-BERA,0.11644704936639078,0.24859849505648396,-1.5977279344488478,0.721848037526735,-4.010486025915723,-3.398544335271911,-3.087567926742169,-2.135570566378063,0.2304540553800956,-3.502704609582561,-2.8931578098779522,-2.583636712914788,1641.521579624401,8.860405958346322e-06,93,2025-05-15 00:00:00,2025-08-22 00:00:00,False,False,False
1d,100,10,KRW-BERA,0.06452590794577907,0.5235962287464233,-1.2598726229701867,0.841517911862744,-4.010486025915723,-3.398544335271911,-3.087567926742169,-2.168418181639546,0.21790680372182758,-3.502704609582561,-2.8931578098779522,-2.583636712914788,2259.874892792919,4.857536523353768e-06,93,2025-05-10 00:00:00,2025-08-17 00:00:00,False,False,False
1d,100,3,KRW-DOGE,0.7502836860463946,2.5935581451758047e-19,-2.893452371030569,0.1377517739425252,-4.010486025915723,-3.398544335271911,-3.087567926742169,-3.246516102374911,0.017445168926048134,-3.502704609582561,-2.8931578098779522,-2.583636712914788,-364.79670917388,4.200684819979121e-06,93,2025-05-17 00:00:00,2025-08-24 00:00:00,False,True,True
1d,100,5,KRW-DOGE,0.7372663335301646,2.2067046852260174e-18,-1.3031150138195,0.8287937058034921,-4.010486025915723,-3.398544335271911,-3.087567926742169,-3.501174600716643,0.007956979020103264,-3.498198082189098,-2.891208211860468,-2.5825959973472097,-348.73753930863893,4.1029393340998464e-06,99,2025-05-15 00:00:00,2025-08-22 00:00:00,False,True,True
1d,100,10,KRW-DOGE,0.6247766210723384,3.732903449752718e-12,-2.3911614273301294,0.32905249868446,-4.010486025915723,-3.398544335271911,-3.087567926742169,-3.0143785532002774,0.03357326825306975,-3.5011373281819504,-2.8924800524857854,-2.5832749307479226,-244.48126772863276,3.4399511976045503e-06,95,2025-05-10 00:00:00,2025-08-17 00:00:00,False,True,True
1d,100,3,KRW-QTUM,0.47335153502918437,6.570972418947796e-07,-1.9656081687246105,0.5464024843499171,-4.010486025915723,-3.398544335271911,-3.087567926742169,-2.3360601125867113,0.16060141315570736,-3.5003788874873405,-2.8921519665075235,-2.5830997960069446,-305.9772417427961,2.15245405502504e-05,96,2025-05-17 00:00:00,2025-08-24 00:00:00,False,False,False
1d,100,5,KRW-QTUM,0.44259803900931594,4.011178526130207e-06,-2.4395200426256194,0.30637304729891535,-4.010486025915723,-3.398544335271911,-3.087567926742169,-3.224219404627282,0.018624876074341344,-3.5003788874873405,-2.8921519665075235,-2.5830997960069446,-67.16743297336097,2.0004867738311862e-05,96,2025-05-15 00:00:00,2025-08-22 00:00:00,False,True,True
1d,100,10,KRW-QTUM,0.4657012164444353,1.0477862299352202e-06,-2.1303577339875233,0.46051221529655467,-4.010486025915723,-3.398544335271911,-3.087567926742169,-1.7091387525524562,0.42641017431318035,-3.506057133647011,-2.8946066061911946,-2.5844100201994697,-178.6683477415237,2.0825257968363086e-05,89,2025-05-10 00:00:00,2025-08-17 00:00:00,False,False,False
1d,100,3,KRW-CBK,0.6701984739979125,2.4202324193778697e-14,-3.036441070227199,0.10179546088388691,-4.010486025915723,-3.398544335271911,-3.087567926742169,-3.595890523110816,0.005840079885808292,-3.498198082189098,-2.891208211860468,-2.5825959973472097,-655.6406020261591,9.355187363719145e-06,99,2025-05-17 00:00:00,2025-08-24 00:00:00,False,True,True
1d,100,5,KRW-CBK,0.625413186850682,3.4980697208765944e-12,-2.5999585108002106,0.23684674410749434,-4.010486025915723,-3.398544335271911,-3.087567926742169,-3.28541114001894,0.015543325341854063,-3.498198082189098,-2.891208211860468,-2.5825959973472097,-549.1980181079916,8.677451363219023e-06,99,2025-05-15 00:00:00,2025-08-22 00:00:00,False,True,True
1d,100,10,KRW-CBK,0.45960499369779806,1.5075514415173052e-06,-1.902702231493561,0.5786356804896442,-4.010486025915723,-3.398544335271911,-3.087567926742169,-2.8454486104528107,0.0520692841164135,-3.498198082189098,-2.891208211860468,-2.5825959973472097,-180.9417548016198,6.3090898336417504e-06,99,2025-05-10 00:00:00,2025-08-17 00:00:00,False,False,False
1d,100,3,KRW-CKB,0.7724094943177263,4.950788817160442e-21,-3.6865938470000628,0.019065290129866276,-4.010486025915723,-3.398544335271911,-3.087567926742169,-3.6261775227944426,0.005279845520594863,-3.4989097606014496,-2.891516256916761,-2.5827604414827157,-13.564468264902347,1.292788717921709e-07,98,2025-05-17 00:00:00,2025-08-24 00:00:00,True,True,True
1d,100,5,KRW-CKB,0.7710684603539493,6.372652493909724e-21,-3.843907352663628,0.011834406311076807,-4.010486025915723,-3.398544335271911,-3.087567926742169,-3.881989121302862,0.002171469064684535,-3.498198082189098,-2.891208211860468,-2.5825959973472097,-13.378475857933811,1.2827705711740155e-07,99,2025-05-15 00:00:00,2025-08-22 00:00:00,True,True,True
1d,100,10,KRW-CKB,0.7419423708256085,1.0378735546717396e-18,-3.1078526813391236,0.08673647933221812,-4.010486025915723,-3.398544335271911,-3.087567926742169,-3.4510077336574687,0.00933815876243713,-3.4989097606014496,-2.891516256916761,-2.5827604414827157,-12.347162985348564,1.2211894415985774e-07,98,2025-05-10 00:00:00,2025-08-17 00:00:00,False,True,True
